{"Title":"NimbleMock.Benchmarks.MockCreationBenchmarks-20251213-171639","HostEnvironmentInfo":{"BenchmarkDotNetCaption":"BenchmarkDotNet","BenchmarkDotNetVersion":"0.13.12","OsVersion":"Windows 11 (10.0.26100.7462)","ProcessorName":"Unknown processor","PhysicalProcessorCount":null,"PhysicalCoreCount":null,"LogicalCoreCount":null,"RuntimeVersion":".NET 8.0.22 (8.0.2225.52707)","Architecture":"X64","HasAttachedDebugger":false,"HasRyuJit":true,"Configuration":"RELEASE","DotNetCliVersion":"9.0.308","ChronometerFrequency":{"Hertz":10000000},"HardwareTimerKind":"Unknown"},"Benchmarks":[{"DisplayInfo":"MockCreationBenchmarks.Moq_CreateMock: Job-WASLGY(IterationCount=5, WarmupCount=3)","Namespace":"NimbleMock.Benchmarks","Type":"MockCreationBenchmarks","Method":"Moq_CreateMock","MethodTitle":"Moq_CreateMock","Parameters":"","FullName":"NimbleMock.Benchmarks.MockCreationBenchmarks.Moq_CreateMock","HardwareIntrinsics":"AVX2,AES,BMI1,BMI2,FMA,LZCNT,PCLMUL,POPCNT VectorSize=256","Statistics":{"OriginalValues":[44231.34765625,44780.23681640625,46131.0546875,45261.181640625],"N":4,"Min":44231.34765625,"LowerFence":43389.561462402344,"Q1":44643.01452636719,"Median":45020.709228515625,"Mean":45100.95520019531,"Q3":45478.64990234375,"UpperFence":46732.102966308594,"Max":46131.0546875,"InterquartileRange":835.6353759765625,"LowerOutliers":[],"UpperOutliers":[],"AllOutliers":[],"StandardError":402.68422576350224,"Variance":648618.342715005,"StandardDeviation":805.3684515270045,"Skewness":0.1945701299710708,"Kurtosis":1.01558369198541,"ConfidenceInterval":{"N":4,"Mean":45100.95520019531,"StandardError":402.68422576350224,"Level":12,"Margin":5204.282331220682,"Lower":39896.67286897463,"Upper":50305.237531415994},"Percentiles":{"P0":44231.34765625,"P25":44643.01452636719,"P50":45020.709228515625,"P67":45269.88037109375,"P80":45609.130859375,"P85":45739.61181640625,"P90":45870.0927734375,"P95":46000.57373046875,"P100":46131.0546875}},"Memory":{"Gen0Collections":10,"Gen1Collections":9,"Gen2Collections":0,"TotalOperations":8192,"BytesAllocatedPerOperation":10619},"Measurements":[{"IterationMode":"Overhead","IterationStage":"Jitting","LaunchIndex":1,"IterationIndex":1,"Operations":1,"Nanoseconds":318400},{"IterationMode":"Workload","IterationStage":"Jitting","LaunchIndex":1,"IterationIndex":1,"Operations":1,"Nanoseconds":100230000},{"IterationMode":"Workload","IterationStage":"Pilot","LaunchIndex":1,"IterationIndex":1,"Operations":2,"Nanoseconds":894900},{"IterationMode":"Workload","IterationStage":"Pilot","LaunchIndex":1,"IterationIndex":2,"Operations":3,"Nanoseconds":575400},{"IterationMode":"Workload","IterationStage":"Pilot","LaunchIndex":1,"IterationIndex":3,"Operations":4,"Nanoseconds":888300},{"IterationMode":"Workload","IterationStage":"Pilot","LaunchIndex":1,"IterationIndex":4,"Operations":5,"Nanoseconds":808700},{"IterationMode":"Workload","IterationStage":"Pilot","LaunchIndex":1,"IterationIndex":5,"Operations":6,"Nanoseconds":839800},{"IterationMode":"Workload","IterationStage":"Pilot","LaunchIndex":1,"IterationIndex":6,"Operations":7,"Nanoseconds":983600},{"IterationMode":"Workload","IterationStage":"Pilot","LaunchIndex":1,"IterationIndex":7,"Operations":8,"Nanoseconds":1168700},{"IterationMode":"Workload","IterationStage":"Pilot","LaunchIndex":1,"IterationIndex":8,"Operations":9,"Nanoseconds":1225600},{"IterationMode":"Workload","IterationStage":"Pilot","LaunchIndex":1,"IterationIndex":9,"Operations":10,"Nanoseconds":1662200},{"IterationMode":"Workload","IterationStage":"Pilot","LaunchIndex":1,"IterationIndex":10,"Operations":11,"Nanoseconds":1099200},{"IterationMode":"Workload","IterationStage":"Pilot","LaunchIndex":1,"IterationIndex":11,"Operations":12,"Nanoseconds":1423000},{"IterationMode":"Workload","IterationStage":"Pilot","LaunchIndex":1,"IterationIndex":12,"Operations":13,"Nanoseconds":1610600},{"IterationMode":"Workload","IterationStage":"Pilot","LaunchIndex":1,"IterationIndex":13,"Operations":14,"Nanoseconds":1721400},{"IterationMode":"Workload","IterationStage":"Pilot","LaunchIndex":1,"IterationIndex":14,"Operations":15,"Nanoseconds":2064800},{"IterationMode":"Workload","IterationStage":"Pilot","LaunchIndex":1,"IterationIndex":15,"Operations":16,"Nanoseconds":1905900},{"IterationMode":"Workload","IterationStage":"Pilot","LaunchIndex":1,"IterationIndex":16,"Operations":32,"Nanoseconds":4249000},{"IterationMode":"Workload","IterationStage":"Pilot","LaunchIndex":1,"IterationIndex":17,"Operations":64,"Nanoseconds":8110600},{"IterationMode":"Workload","IterationStage":"Pilot","LaunchIndex":1,"IterationIndex":18,"Operations":128,"Nanoseconds":13221300},{"IterationMode":"Workload","IterationStage":"Pilot","LaunchIndex":1,"IterationIndex":19,"Operations":256,"Nanoseconds":28467300},{"IterationMode":"Workload","IterationStage":"Pilot","LaunchIndex":1,"IterationIndex":20,"Operations":512,"Nanoseconds":58637100},{"IterationMode":"Workload","IterationStage":"Pilot","LaunchIndex":1,"IterationIndex":21,"Operations":1024,"Nanoseconds":122381900},{"IterationMode":"Workload","IterationStage":"Pilot","LaunchIndex":1,"IterationIndex":22,"Operations":2048,"Nanoseconds":200427800},{"IterationMode":"Workload","IterationStage":"Pilot","LaunchIndex":1,"IterationIndex":23,"Operations":4096,"Nanoseconds":390317700},{"IterationMode":"Workload","IterationStage":"Pilot","LaunchIndex":1,"IterationIndex":24,"Operations":8192,"Nanoseconds":817855400},{"IterationMode":"Workload","IterationStage":"Warmup","LaunchIndex":1,"IterationIndex":1,"Operations":8192,"Nanoseconds":717282200},{"IterationMode":"Workload","IterationStage":"Warmup","LaunchIndex":1,"IterationIndex":2,"Operations":8192,"Nanoseconds":658029600},{"IterationMode":"Workload","IterationStage":"Warmup","LaunchIndex":1,"IterationIndex":3,"Operations":8192,"Nanoseconds":465172700},{"IterationMode":"Workload","IterationStage":"Actual","LaunchIndex":1,"IterationIndex":1,"Operations":8192,"Nanoseconds":362343200},{"IterationMode":"Workload","IterationStage":"Actual","LaunchIndex":1,"IterationIndex":2,"Operations":8192,"Nanoseconds":366839700},{"IterationMode":"Workload","IterationStage":"Actual","LaunchIndex":1,"IterationIndex":3,"Operations":8192,"Nanoseconds":430256400},{"IterationMode":"Workload","IterationStage":"Actual","LaunchIndex":1,"IterationIndex":4,"Operations":8192,"Nanoseconds":377905600},{"IterationMode":"Workload","IterationStage":"Actual","LaunchIndex":1,"IterationIndex":5,"Operations":8192,"Nanoseconds":370779600},{"IterationMode":"Workload","IterationStage":"Result","LaunchIndex":1,"IterationIndex":1,"Operations":8192,"Nanoseconds":362343200},{"IterationMode":"Workload","IterationStage":"Result","LaunchIndex":1,"IterationIndex":2,"Operations":8192,"Nanoseconds":366839700},{"IterationMode":"Workload","IterationStage":"Result","LaunchIndex":1,"IterationIndex":3,"Operations":8192,"Nanoseconds":377905600},{"IterationMode":"Workload","IterationStage":"Result","LaunchIndex":1,"IterationIndex":4,"Operations":8192,"Nanoseconds":370779600}],"Metrics":[{"Value":1.220703125,"Descriptor":{"Id":"Gen0Collects","DisplayName":"Gen0","Legend":"GC Generation 0 collects per 1000 operations","NumberFormat":"#0.0000","UnitType":0,"Unit":"Count","TheGreaterTheBetter":false,"PriorityInCategory":0}},{"Value":1.0986328125,"Descriptor":{"Id":"Gen1Collects","DisplayName":"Gen1","Legend":"GC Generation 1 collects per 1000 operations","NumberFormat":"#0.0000","UnitType":0,"Unit":"Count","TheGreaterTheBetter":false,"PriorityInCategory":1}},{"Value":0,"Descriptor":{"Id":"Gen2Collects","DisplayName":"Gen2","Legend":"GC Generation 2 collects per 1000 operations","NumberFormat":"#0.0000","UnitType":0,"Unit":"Count","TheGreaterTheBetter":false,"PriorityInCategory":2}},{"Value":10619,"Descriptor":{"Id":"Allocated Memory","DisplayName":"Allocated","Legend":"Allocated memory per single operation (managed only, inclusive, 1KB = 1024B)","NumberFormat":"0.##","UnitType":2,"Unit":"B","TheGreaterTheBetter":false,